{
  "descriptor": {
    "version": 1,
    "corpus_rows": 10000,
    "query_rows": 3,
    "dimensions": 1536,
    "k": 10,
    "corpus_hash": "d9be7485236ae1b1507835110adea9b54d35ba1a9fa85fa72414cfdf695aabfe",
    "query_hash": "95441e1bfb438e84235a8687fa1272da811d6ddb8261b9c50c0d7354310894ee"
  },
  "truth": {
    "ids": [
      [
        9205,
        2706,
        8908,
        6688,
        9300,
        9113,
        8081,
        9010,
        9609,
        9394
      ],
      [
        909,
        1616,
        163,
        860,
        244,
        1942,
        904,
        979,
        83,
        51
      ],
      [
        1942,
        6470,
        1019,
        5503,
        930,
        7532,
        9304,
        2200,
        5440,
        1551
      ]
    ],
    "scores": [
      [
        0.32763326,
        0.32472402,
        0.3236036,
        0.31787097,
        0.30635792,
        0.30231413,
        0.294576,
        0.29388636,
        0.28691426,
        0.2859155
      ],
      [
        0.26812074,
        0.26544136,
        0.25215963,
        0.2516259,
        0.2486938,
        0.24367543,
        0.24139893,
        0.2413239,
        0.23973882,
        0.2390289
      ],
      [
        0.43904522,
        0.3144029,
        0.26588142,
        0.25295562,
        0.25244397,
        0.24150705,
        0.23531616,
        0.23071674,
        0.22796378,
        0.22527961
      ]
    ]
  }
}