{
  "descriptor": {
    "version": 1,
    "corpus_rows": 10000,
    "query_rows": 1,
    "dimensions": 1536,
    "k": 10,
    "corpus_hash": "d9be7485236ae1b1507835110adea9b54d35ba1a9fa85fa72414cfdf695aabfe",
    "query_hash": "8b5cf982f75be2ee990bc9b496af19f157df50509e36bfcfe7803e1e55ae3beb"
  },
  "truth": {
    "ids": [
      [
        9897,
        9786,
        9580,
        9477,
        9687,
        9365,
        8981,
        9273,
        9178,
        9078
      ]
    ],
    "scores": [
      [
        0.9549621,
        0.93930316,
        0.9379223,
        0.93667716,
        0.93475044,
        0.9205948,
        0.9163437,
        0.91149545,
        0.9104495,
        0.9076073
      ]
    ]
  }
}