{
  "descriptor": {
    "version": 1,
    "corpus_rows": 10000,
    "query_rows": 3,
    "dimensions": 1536,
    "k": 10,
    "corpus_hash": "9096f0a9b0d323e39878f0516dc1a086ddc9b514336ddbaa722b6b9111803117",
    "query_hash": "c73402d64b8e72ce8b8b0be300168af63bbab5009c7efdd32f9b5fd31490e398"
  },
  "truth": {
    "ids": [
      [
        2465,
        4584,
        7823,
        8235,
        9887,
        8814,
        2671,
        374,
        2127,
        907
      ],
      [
        7466,
        6117,
        5153,
        5427,
        8485,
        1818,
        5368,
        1627,
        1225,
        7960
      ],
      [
        5816,
        9522,
        7570,
        1154,
        7321,
        8810,
        7537,
        9645,
        2938,
        2723
      ]
    ],
    "scores": [
      [
        0.09608517,
        0.085726365,
        0.085250475,
        0.08521187,
        0.083549246,
        0.08261567,
        0.079979815,
        0.07788135,
        0.0777029,
        0.0768656
      ],
      [
        0.10413089,
        0.09443411,
        0.092799485,
        0.08784618,
        0.08776191,
        0.087153345,
        0.085843585,
        0.08560641,
        0.07971227,
        0.0795268
      ],
      [
        0.10148896,
        0.09340143,
        0.090480484,
        0.09029782,
        0.08835349,
        0.086915344,
        0.08518363,
        0.08371177,
        0.08318534,
        0.079655126
      ]
    ]
  }
}